jerrylu:jerrylu123
roygao:roygao123
danielhe:danielhe123
samsonhuang:samsonhuang123
billywang:billywang123
jessicawang:jessicawang123
susandersonxu:susandersonxu123
kristineyan:kristineyan123
frankyin:frankyin123
siyuanfang1901:siyuanfang1901123
jinfengzhang1901:jinfengzhang1901123
zhangyekunli1901:zhangyekunli1901123
jingsiwang1901:jingsiwang1901123
jinghuayang1901:jinghuayang1901123
